<?xml version="1.0" encoding="UTF-8"?>
<project-private xmlns="http://www.netbeans.org/ns/project-private/1">
    <editor-bookmarks xmlns="http://www.netbeans.org/ns/editor-bookmarks/2" lastBookmarkId="0"/>
    <open-files xmlns="http://www.netbeans.org/ns/projectui-open-files/2">
        <group>
            <file>file:/D:/Front-end%20Testing%20FWD/Project1/SIG_PROJECT/SIG/src/com/SIG/view/sigFrame.java</file>
            <file>file:/D:/Front-end%20Testing%20FWD/Project1/SIG_PROJECT/SIG/src/com/SIG/model/invHeader.java</file>
            <file>file:/D:/Front-end%20Testing%20FWD/Project1/SIG_PROJECT/SIG/src/com/SIG/view/itemsTableDialog.java</file>
            <file>file:/D:/Front-end%20Testing%20FWD/Project1/SIG_PROJECT/SIG/src/com/SIG/model/LinesTableModel.java</file>
            <file>file:/D:/Front-end%20Testing%20FWD/Project1/SIG_PROJECT/SIG/src/com/SIG/model/invLine.java</file>
            <file>file:/D:/Front-end%20Testing%20FWD/Project1/SIG_PROJECT/SIG/src/com/SIG/controller/Listener.java</file>
        </group>
    </open-files>
</project-private>
